iter	Logloss
0	0.2485722678
1	0.147838538
2	0.08773266929
3	0.05747423172
4	0.03969545364
5	0.03418931961
6	0.02527962072
7	0.02123706681
8	0.01755840608
9	0.01473944528
