iter	Logloss
0	0.2413582666
1	0.1480809212
2	0.0972862993
3	0.07171873365
4	0.05269825799
5	0.04167757715
6	0.03314454556
7	0.02569862093
8	0.0219090615
9	0.01801929304
